,0
0,/bangalore/doctor/dr-joshy-e-v-neurologist?practice_id=1124584&specialization=Neurologist&referrer=doctor_listing
1,/bangalore/doctor/dr-ajith-kumar-roy-neurologist-2?practice_id=630200&specialization=Neurologist&referrer=doctor_listing
2,/bangalore/doctor/dr-sunil-v-furtado?practice_id=1279670&specialization=Neurologist&referrer=doctor_listing
3,/bangalore/doctor/dr-advait-kulkarni-1-neurologist-1?practice_id=1172640&specialization=Neurologist&referrer=doctor_listing
4,/bangalore/doctor/dr-karthik-n-neurologist-ear-nose-throat-ent-specialist?practice_id=728755&specialization=Neurologist&referrer=doctor_listing
5,/bangalore/doctor/abdul-aziz-riyaz-neurosurgeon?practice_id=1247778&specialization=Neurologist&referrer=doctor_listing
6,/bangalore/doctor/deepak-somasundar-neurosurgeon?practice_id=1306146&specialization=Neurologist&referrer=doctor_listing
7,/bangalore/doctor/dr-sunil-buddappa-neurosurgeon?practice_id=667644&specialization=Neurologist&referrer=doctor_listing
8,/bangalore/doctor/dr-anirudh-10-neurologist?practice_id=1192013&specialization=Neurologist&referrer=doctor_listing
9,/bangalore/doctor/dr-sabyasachi-basu-neurosurgeon?practice_id=920071&specialization=Neurologist&referrer=doctor_listing
10,/bangalore/doctor/dr-p-r-krishnan?practice_id=1136311&specialization=Neurologist&referrer=doctor_listing
11,/bangalore/doctor/dr-r-srinivasa-neurologist-2?practice_id=1146253&specialization=Neurologist&referrer=doctor_listing
12,/bangalore/doctor/dr-ravishankar-reddy-c-r-diabetologist?practice_id=659126&specialization=Neurologist&referrer=doctor_listing
13,/bangalore/doctor/dr-lokesh-b-neurologist?practice_id=1146253&specialization=Neurologist&referrer=doctor_listing
14,/bangalore/doctor/dr-anuradha-h-k-neurologist?practice_id=1146253&specialization=Neurologist&referrer=doctor_listing
15,/bangalore/doctor/dr-guruprasad-hosurkar-neurologist-210357?practice_id=1131812&specialization=Neurologist&referrer=doctor_listing
16,/bangalore/doctor/dr-avinash-k-m-neurosurgeon1?practice_id=637575&specialization=Neurologist&referrer=doctor_listing
17,/bangalore/doctor/akshay-hari-neurosurgeon-neurosurgeon?practice_id=1146253&specialization=Neurologist&referrer=doctor_listing
18,/bangalore/doctor/dr-chandran-gnanamuthu-neurologist-1?practice_id=1136311&specialization=Neurologist&referrer=doctor_listing
19,/bangalore/doctor/nithin-kumar-n-neurologist?practice_id=1154556&specialization=Neurologist&referrer=doctor_listing
20,/bangalore/doctor/shobha-n-neurologist?practice_id=711687&specialization=Neurologist&referrer=doctor_listing
21,/bangalore/doctor/dr-rajesh-k-n-neurologist?practice_id=1276829&specialization=Neurologist&referrer=doctor_listing
22,/bangalore/doctor/dr-ashok-singhal-neurologist?practice_id=1136311&specialization=Neurologist&referrer=doctor_listing
23,/bangalore/doctor/dr-p-c-mohan-1-neurologist-1?practice_id=664585&specialization=Neurologist&referrer=doctor_listing
24,/bangalore/doctor/dr-manjunath-m-1-neurologist?practice_id=630200&specialization=Neurologist&referrer=doctor_listing
25,/bangalore/doctor/dr-sanjiv-neurologist?practice_id=711641&specialization=Neurologist&referrer=doctor_listing
26,/bangalore/doctor/dr-pramod-krishnan-1-neurologist?practice_id=630200&specialization=Neurologist&referrer=doctor_listing
27,/bangalore/doctor/dr-nikhil-c-hiremath-neurologist?practice_id=918580&specialization=Neurologist&referrer=doctor_listing
28,/bangalore/doctor/madhusudhan-b-k-neurologist?practice_id=918580&specialization=Neurologist&referrer=doctor_listing
29,/bangalore/doctor/dr-pramod-m-n-neurologist-1?practice_id=1055989&specialization=Neurologist&referrer=doctor_listing
30,/bangalore/doctor/dr-varadarajulu-r-neurologist?practice_id=1352597&specialization=Neurologist&referrer=doctor_listing
31,/bangalore/doctor/dr-prashanth-neurologist-3?practice_id=634957&specialization=Neurologist&referrer=doctor_listing
32,/bangalore/doctor/soniya-tambe-neurologist?practice_id=1312752&specialization=Neurologist&referrer=doctor_listing
33,/bangalore/doctor/dr-anil-ramakrishna-neurologist?practice_id=637575&specialization=Neurologist&referrer=doctor_listing
34,/bangalore/doctor/dr-amit-kulkarni-1-neurologist?practice_id=1168814&specialization=Neurologist&referrer=doctor_listing
35,/bangalore/doctor/dr-b-nataraju-neurologist?practice_id=702709&specialization=Neurologist&referrer=doctor_listing
36,/bangalore/doctor/shakthi-k-j-s-neurologist-1?practice_id=918580&specialization=Neurologist&referrer=doctor_listing
37,/bangalore/doctor/dr-srinivas-raju-d-neurologist?practice_id=637575&specialization=Neurologist&referrer=doctor_listing
38,/bangalore/doctor/dr-deepa-n-a-neurologist?practice_id=918580&specialization=Neurologist&referrer=doctor_listing
39,/bangalore/doctor/dr-saurabh-sadekar-gajanan-neurologist?practice_id=1041383&specialization=Neurologist&referrer=doctor_listing
40,/bangalore/doctor/jagdish-chattnalli-neurologist?practice_id=636836&specialization=Neurologist&referrer=doctor_listing
41,/bangalore/doctor/dr-j-b-agadi-neurologist?practice_id=1055989&specialization=Neurologist&referrer=doctor_listing
42,/bangalore/doctor/dr-rajesh-b-iyer-neurologist?practice_id=1142515&specialization=Neurologist&referrer=doctor_listing
43,/bangalore/doctor/dr-s-raghavendra-neurologist-neurologist?practice_id=1142515&specialization=Neurologist&referrer=doctor_listing
44,/bangalore/doctor/dr-preethish-kumar-general-physician?practice_id=1276829&specialization=Neurologist&referrer=doctor_listing
45,/bangalore/doctor/dr-surbhi-chaturvedi-neurologist?practice_id=636836&specialization=Neurologist&referrer=doctor_listing
46,/bangalore/doctor/dr-jaychandran-r-neurologist?practice_id=1142515&specialization=Neurologist&referrer=doctor_listing
47,/bangalore/doctor/sathish-babu-hv-neurologist?practice_id=873310&specialization=Neurologist&referrer=doctor_listing
48,/bangalore/doctor/nikhil-b?practice_id=1311395&specialization=Neurologist&referrer=doctor_listing
49,/bangalore/doctor/dr-sowmya-m-neurologist-1?practice_id=1319951&specialization=Neurologist&referrer=doctor_listing
50,/bangalore/doctor/balaji-b-s-neurologist-1?practice_id=1258011&specialization=Neurologist&referrer=doctor_listing
51,/bangalore/doctor/kishore-k-v-neurologist?practice_id=1210115&specialization=Neurologist&referrer=doctor_listing
52,/bangalore/doctor/dr-keni-ravish-rajiv-neurologist?practice_id=1319951&specialization=Neurologist&referrer=doctor_listing
53,/pune/doctor/dr-kunal-jadhav-3-neurologist?practice_id=1171267&specialization=Neurologist&referrer=doctor_listing
54,/pune/doctor/dr-nilesh-bhandari-neurologist-2?practice_id=897665&specialization=Neurologist&referrer=doctor_listing
55,/pune/doctor/sarang-gotecha-neurosurgeon?practice_id=1318068&specialization=Neurologist&referrer=doctor_listing
56,/pune/doctor/mandar-patil-neurosurgeon?practice_id=1346956&specialization=Neurologist&referrer=doctor_listing
57,/pune/doctor/dr-shalesh-rohatgi?practice_id=1136028&specialization=Neurologist&referrer=doctor_listing
58,/pune/doctor/dr-rahul-patil-4-neurosurgeon?practice_id=1283052&specialization=Neurologist&referrer=doctor_listing
59,/pune/doctor/bhushan-mishal-neurologist-1?practice_id=1365106&specialization=Neurologist&referrer=doctor_listing
60,/pune/doctor/dr-anup-bende-neurologist?practice_id=1377171&specialization=Neurologist&referrer=doctor_listing
61,/pune/doctor/dr-priyanka-walzade-tonde-neurologist?practice_id=1320419&specialization=Neurologist&referrer=doctor_listing
62,/pune/doctor/dr-sarang-rote-neurologist?practice_id=1256683&specialization=Neurologist&referrer=doctor_listing
63,/delhi/doctor/dr-lt-gen-c-s-narayanan-neurologist?practice_id=1177288&specialization=Neurologist&referrer=doctor_listing
64,/delhi/doctor/dr-ramandeep-s-dang-neurosurgeon?practice_id=1170339&specialization=Neurologist&referrer=doctor_listing
65,/delhi/doctor/dr-shaileshjain-neurosurgeon?practice_id=710398&specialization=Neurologist&referrer=doctor_listing
66,/delhi/doctor/sunilkumar-baranwal-neurosurgeon?practice_id=1265649&specialization=Neurologist&referrer=doctor_listing
67,/delhi/doctor/dr-amitabh-gupta-neurologist?practice_id=1249907&specialization=Neurologist&referrer=doctor_listing
68,/delhi/doctor/dr-khushbu-goel-neurologist?practice_id=1177288&specialization=Neurologist&referrer=doctor_listing
69,/delhi/doctor/dr-dr-bhaskar-shukla-neurologist?practice_id=1326522&specialization=Neurologist&referrer=doctor_listing
70,/delhi/doctor/dr-anand-kumar-saxena-neurologist?practice_id=1273655&specialization=Neurologist&referrer=doctor_listing
71,/delhi/doctor/kadam-nagpal-neurologist?practice_id=1129398&specialization=Neurologist&referrer=doctor_listing
72,/delhi/doctor/dr-pn-renjen-neurologist?practice_id=912154&specialization=Neurologist&referrer=doctor_listing
73,/delhi/doctor/dr-atul-prasad-neurologist-2?practice_id=680128&specialization=Neurologist&referrer=doctor_listing
74,/delhi/doctor/himank-1-neurologist?practice_id=1307477&specialization=Neurologist&referrer=doctor_listing
75,/delhi/doctor/dr-mukul-varma-neurologist?practice_id=912154&specialization=Neurologist&referrer=doctor_listing
76,/delhi/doctor/dr-vinit-suri-neurologist?practice_id=912154&specialization=Neurologist&referrer=doctor_listing
77,/delhi/doctor/dr-rajiv-anand-neurologist?practice_id=680128&specialization=Neurologist&referrer=doctor_listing
78,/delhi/doctor/dr-anoop-kohli-neurologist?practice_id=912154&specialization=Neurologist&referrer=doctor_listing
79,/delhi/doctor/dr-rakesh-agarwal-neurologist?practice_id=912154&specialization=Neurologist&referrer=doctor_listing
80,/delhi/doctor/dr-charu-gauba-neurologist?practice_id=912154&specialization=Neurologist&referrer=doctor_listing
81,/delhi/doctor/dr-mukesh-kumar-6-neurologist?practice_id=670997&specialization=Neurologist&referrer=doctor_listing
82,/delhi/doctor/dr-chander-mohan-malhotra-general-physician?practice_id=912154&specialization=Neurologist&referrer=doctor_listing
83,/delhi/doctor/dr-l-k-malhotra-neurologist-1?practice_id=1136935&specialization=Neurologist&referrer=doctor_listing
84,/delhi/doctor/rima-khanna-neurologist?practice_id=736234&specialization=Neurologist&referrer=doctor_listing
85,/delhi/doctor/dr-vipin-satija-neurologist-1?practice_id=1130176&specialization=Neurologist&referrer=doctor_listing
86,/delhi/doctor/dr-navdeep-kumar-neurologist-1?practice_id=1224197&specialization=Neurologist&referrer=doctor_listing
87,/delhi/doctor/dr-shruti-jain-neurologist-1?practice_id=1173286&specialization=Neurologist&referrer=doctor_listing
88,/delhi/doctor/rajat-chopra-neurologist?practice_id=1354058&specialization=Neurologist&referrer=doctor_listing
89,/delhi/doctor/dr-rohit-bansil-neurologist?practice_id=680128&specialization=Neurologist&referrer=doctor_listing
90,/delhi/doctor/dr-rajesh-gupta-neurologist?practice_id=723180&specialization=Neurologist&referrer=doctor_listing
91,/delhi/doctor/anurag-saxena-1-neurosurgeon?practice_id=1177288&specialization=Neurologist&referrer=doctor_listing
92,/delhi/doctor/gautam-arora-neurologist?practice_id=1304046&specialization=Neurologist&referrer=doctor_listing
93,/delhi/doctor/dr-manoj-khanal-neurologist-2?practice_id=758837&specialization=Neurologist&referrer=doctor_listing
94,/delhi/doctor/dr-vivek-kumar-neurologist-1?practice_id=723180&specialization=Neurologist&referrer=doctor_listing
95,/delhi/doctor/dr-mohit-goel-neurologist?practice_id=1180378&specialization=Neurologist&referrer=doctor_listing
96,/delhi/doctor/dr-sanjay-saxena-neurologist?practice_id=723180&specialization=Neurologist&referrer=doctor_listing
97,/delhi/doctor/dr-amit-batra-neurologist?practice_id=723180&specialization=Neurologist&referrer=doctor_listing
98,/delhi/doctor/dr-puja-neurologist?practice_id=667756&specialization=Neurologist&referrer=doctor_listing
99,/delhi/doctor/dr-dhruv-zutshi-neurologist?practice_id=1150723&specialization=Neurologist&referrer=doctor_listing
100,/delhi/doctor/kumar-abhinav-neurologist?practice_id=1327508&specialization=Neurologist&referrer=doctor_listing
101,/chennai/doctor/dr-t-vijay-neurologist?practice_id=1277360&specialization=Neurologist&referrer=doctor_listing
102,/chennai/doctor/venkatraman-k-neurologist?practice_id=1153960&specialization=Neurologist&referrer=doctor_listing
103,/chennai/doctor/dr-a-gunasekaran-1-neurologist?practice_id=698127&specialization=Neurologist&referrer=doctor_listing
104,/chennai/doctor/dr-v-soundappan-m-s-m-ch-neurosurgeon?practice_id=1272147&specialization=Neurologist&referrer=doctor_listing
105,/chennai/doctor/vijayashankar-p-neurologist?practice_id=1027317&specialization=Neurologist&referrer=doctor_listing
106,/chennai/doctor/dr-balasubramaniam-2-neurologist?practice_id=1126164&specialization=Neurologist&referrer=doctor_listing
107,/chennai/doctor/dr-mahesh-3?practice_id=1158583&specialization=Neurologist&referrer=doctor_listing
108,/chennai/doctor/dr-dinesh-nayak-neurologist?practice_id=1153960&specialization=Neurologist&referrer=doctor_listing
109,/chennai/doctor/muthukumar-3?practice_id=1129485&specialization=Neurologist&referrer=doctor_listing
110,/chennai/doctor/dr-m-kodeeswaran-neurosurgeon?practice_id=678360&specialization=Neurologist&referrer=doctor_listing
111,/chennai/doctor/nagarajan-v-neurologist?practice_id=1268867&specialization=Neurologist&referrer=doctor_listing
112,/chennai/doctor/prabash-p-r-neurologist?practice_id=1129485&specialization=Neurologist&referrer=doctor_listing
113,/chennai/doctor/vincent-thamburaj-neurosurgeon?practice_id=1005781&specialization=Neurologist&referrer=doctor_listing
114,/chennai/doctor/dr-shubha-subramanian-general-physician?practice_id=1224581&specialization=Neurologist&referrer=doctor_listing
115,/chennai/doctor/dr-karthikeyan-30-neurologist?practice_id=1239072&specialization=Neurologist&referrer=doctor_listing
116,/chennai/doctor/dr-sridharan-ramaratnam-neurologist?practice_id=792837&specialization=Neurologist&referrer=doctor_listing
117,/chennai/doctor/vikash-agarwal-neurologist-1?practice_id=1224581&specialization=Neurologist&referrer=doctor_listing
118,/chennai/doctor/a-panneer-neurologist?practice_id=792837&specialization=Neurologist&referrer=doctor_listing
119,/chennai/doctor/somasundaram-aadhimoolam-chinnadurai-neurologist?practice_id=792837&specialization=Neurologist&referrer=doctor_listing
120,/chennai/doctor/anusha-d-neurologist?practice_id=1005781&specialization=Neurologist&referrer=doctor_listing
121,/chennai/doctor/m-dhanaraj-neurologist?practice_id=792837&specialization=Neurologist&referrer=doctor_listing
122,/chennai/doctor/senthilnathan-neurologist?practice_id=702067&specialization=Neurologist&referrer=doctor_listing
123,/chennai/doctor/dr-vivek-iyer-neurologist?practice_id=1192041&specialization=Neurologist&referrer=doctor_listing
124,/chennai/doctor/dr-joy-2-neurosurgeon?practice_id=792837&specialization=Neurologist&referrer=doctor_listing
125,/chennai/doctor/dr-muthukani-general-physician?practice_id=792837&specialization=Neurologist&referrer=doctor_listing
126,/chennai/doctor/shunmuga-sundaram-neurologist?practice_id=1129812&specialization=Neurologist&referrer=doctor_listing
127,/chennai/doctor/arulselvan-v-l-neurologist?practice_id=792837&specialization=Neurologist&referrer=doctor_listing
128,/chennai/doctor/dr-n-thamil-pavai-ear-nose-throat-ent-specialist?practice_id=765396&specialization=Neurologist&referrer=doctor_listing
129,/chennai/doctor/dr-t-arul-mozhi-neurologist?practice_id=1255075&specialization=Neurologist&referrer=doctor_listing
130,/chennai/doctor/dr-k-shanmugasundaram-neurologist?practice_id=713755&specialization=Neurologist&referrer=doctor_listing
131,/chennai/doctor/dr-geetha-lakshmipathy-neurologist-4?practice_id=792837&specialization=Neurologist&referrer=doctor_listing
132,/chennai/doctor/s-rajendran-neurologist?practice_id=792837&specialization=Neurologist&referrer=doctor_listing
133,/chennai/doctor/dr-suresh-paramasivam-neurosurgeon?practice_id=1256378&specialization=Neurologist&referrer=doctor_listing
134,/chennai/doctor/dr-noorul-ameen-neurologist?practice_id=1377114&specialization=Neurologist&referrer=doctor_listing
135,/chennai/doctor/s-yogaraj-neurologist?practice_id=792837&specialization=Neurologist&referrer=doctor_listing
136,/chennai/doctor/dr-selvin-gnanaraj-james-neurologist-ear-nose-throat-ent-specialist?practice_id=1006874&specialization=Neurologist&referrer=doctor_listing
137,/mumbai/doctor/priyanka-tater-neurologist?practice_id=692922&specialization=Neurologist&referrer=doctor_listing
138,/mumbai/doctor/dr-pruthviraj-dabarase-neurologist?practice_id=1323696&specialization=Neurologist&referrer=doctor_listing
139,/mumbai/doctor/dr-rajesh-benny-neurologist-1?practice_id=809303&specialization=Neurologist&referrer=doctor_listing
140,/mumbai/doctor/nilesh-vijay-chaudhary-neurologist?practice_id=725564&specialization=Neurologist&referrer=doctor_listing
141,/mumbai/doctor/dr-pravina-ushakant-shah-neurologist?practice_id=809303&specialization=Neurologist&referrer=doctor_listing
142,/mumbai/doctor/dr-dhanashri-chonkar-neurologist?practice_id=809303&specialization=Neurologist&referrer=doctor_listing
143,/mumbai/doctor/vinod-rambal-neurosurgeon?practice_id=679125&specialization=Neurologist&referrer=doctor_listing
144,/mumbai/doctor/dr-dhara-shah-1-neurologist?practice_id=809303&specialization=Neurologist&referrer=doctor_listing
145,/mumbai/doctor/dr-rima-chaudhari-neurologist?practice_id=809303&specialization=Neurologist&referrer=doctor_listing
146,/mumbai/doctor/shirish-hastak-neurologist?practice_id=982258&specialization=Neurologist&referrer=doctor_listing
147,/mumbai/doctor/pankaj-agarwal-1-neurologist?practice_id=982258&specialization=Neurologist&referrer=doctor_listing
148,/mumbai/doctor/dr-kaustubh-mahajan-neurologist?practice_id=692922&specialization=Neurologist&referrer=doctor_listing
149,/mumbai/doctor/dr-sunanda-anand-neurologist?practice_id=692922&specialization=Neurologist&referrer=doctor_listing
150,/mumbai/doctor/dr-ramesh-patankar-neurologist-1-neurologist?practice_id=611951&specialization=Neurologist&referrer=doctor_listing
151,/mumbai/doctor/dr-pavan-pai-neurologist?practice_id=679125&specialization=Neurologist&referrer=doctor_listing
152,/mumbai/doctor/dr-adukia-sachin-ajitkumar-internal-medicine?practice_id=725564&specialization=Neurologist&referrer=doctor_listing
153,/mumbai/doctor/abhidha-shah-neurosurgeon?practice_id=1233799&specialization=Neurologist&referrer=doctor_listing
154,/mumbai/doctor/dr-pradeep-tiwari-general-medicine?practice_id=708747&specialization=Neurologist&referrer=doctor_listing
155,/mumbai/doctor/prashant-makhija-neurologist?practice_id=1235891&specialization=Neurologist&referrer=doctor_listing
156,/mumbai/doctor/dr-darpan-j-thakre-neurosurgeon-1?practice_id=692922&specialization=Neurologist&referrer=doctor_listing
157,/hyderabad/doctor/siddartha-reddy-neurologist?practice_id=1169963&specialization=Neurologist&referrer=doctor_listing
158,/hyderabad/doctor/dr-sri-ram-chandra-damaraju-neurosurgeon?practice_id=1234765&specialization=Neurologist&referrer=doctor_listing
159,/hyderabad/doctor/dr-syed-osman-neurologist-ear-nose-throat-ent-specialist?practice_id=1324723&specialization=Neurologist&referrer=doctor_listing
160,/hyderabad/doctor/dr-deeparani-b-v-neurologist?practice_id=1272697&specialization=Neurologist&referrer=doctor_listing
161,/hyderabad/doctor/srikanth-yadav-1-neurologist?practice_id=1362930&specialization=Neurologist&referrer=doctor_listing
162,/hyderabad/doctor/chandra-shekar-neurologist?practice_id=1258329&specialization=Neurologist&referrer=doctor_listing
163,/hyderabad/doctor/dr-mukheem-mudabbir-neurologist?practice_id=1394535&specialization=Neurologist&referrer=doctor_listing
164,/hyderabad/doctor/s-srikanth-reddy-neurosurgeon?practice_id=1154495&specialization=Neurologist&referrer=doctor_listing
165,/hyderabad/doctor/kaushal-ippili?practice_id=1054846&specialization=Neurologist&referrer=doctor_listing
166,/hyderabad/doctor/dr-vemula-sreekanth-neurologist-1?practice_id=1054846&specialization=Neurologist&referrer=doctor_listing
167,/hyderabad/doctor/dr-sudhir-kumar-4-neurologist?practice_id=1054846&specialization=Neurologist&referrer=doctor_listing
168,/hyderabad/doctor/dr-neehar-potluri-neurologist?practice_id=654998&specialization=Neurologist&referrer=doctor_listing
169,/hyderabad/doctor/dr-rajesh-reddy-chenna-neurologist?practice_id=1054846&specialization=Neurologist&referrer=doctor_listing
170,/hyderabad/doctor/dr-deepika-sirineni-neurologist?practice_id=1158615&specialization=Neurologist&referrer=doctor_listing
171,/hyderabad/doctor/sandeep-nayani-neurologist?practice_id=1054846&specialization=Neurologist&referrer=doctor_listing
172,/hyderabad/doctor/dr-s-rajesh-reddy-neurologist?practice_id=1054846&specialization=Neurologist&referrer=doctor_listing
173,/hyderabad/doctor/dr-v-bramha-prasad?practice_id=936372&specialization=Neurologist&referrer=doctor_listing
174,/hyderabad/doctor/dr-raghavendra-h-neurosurgeon?practice_id=1147587&specialization=Neurologist&referrer=doctor_listing
175,/hyderabad/doctor/dr-ranjith-g-neurologist?practice_id=1154495&specialization=Neurologist&referrer=doctor_listing
176,/hyderabad/doctor/dr-venkat-reddy-a-general-physician?practice_id=936372&specialization=Neurologist&referrer=doctor_listing
177,/hyderabad/doctor/dr-vikram-reddy-pediatrician?practice_id=1154495&specialization=Neurologist&referrer=doctor_listing
178,/hyderabad/doctor/dr-sree-ranga-lakshmi-g-neurologist?practice_id=1148376&specialization=Neurologist&referrer=doctor_listing
179,/hyderabad/doctor/dr-s-prasanna-1-ear-nose-throat-ent-specialist?practice_id=849464&specialization=Neurologist&referrer=doctor_listing
180,/hyderabad/doctor/dr-anusha-challa-neurologist?practice_id=1139564&specialization=Neurologist&referrer=doctor_listing
181,/hyderabad/doctor/rajesh-reddy-p-neurologist?practice_id=1269722&specialization=Neurologist&referrer=doctor_listing
182,/hyderabad/doctor/dr-niveditha-sai-chandra-neurologist?practice_id=644062&specialization=Neurologist&referrer=doctor_listing
183,/hyderabad/doctor/kiran-39-neurosurgeon?practice_id=1135505&specialization=Neurologist&referrer=doctor_listing
184,/hyderabad/doctor/alluri-neeraja-neurologist?practice_id=1273499&specialization=Neurologist&referrer=doctor_listing
185,/hyderabad/doctor/dr-m-gopi-srikanth-physiotherapist?practice_id=1143291&specialization=Neurologist&referrer=doctor_listing
186,/hyderabad/doctor/dr-c-h-suresh-reddy-neurologist?practice_id=671126&specialization=Neurologist&referrer=doctor_listing
187,/hyderabad/doctor/chaitanya-koduri-neurologist?practice_id=1232720&specialization=Neurologist&referrer=doctor_listing
188,/hyderabad/doctor/dr-yeswanth-paidimarri-neurologist?practice_id=929915&specialization=Neurologist&referrer=doctor_listing
189,/hyderabad/doctor/dr-murali-krishna-ch-v-neurologist?practice_id=1148376&specialization=Neurologist&referrer=doctor_listing
190,/hyderabad/doctor/b-kirthi-theja-neurologist?practice_id=709266&specialization=Neurologist&referrer=doctor_listing
191,/hyderabad/doctor/ch-praveen-neurologist?practice_id=671126&specialization=Neurologist&referrer=doctor_listing
192,/hyderabad/doctor/dr-murali-krishna-konda-neurologist?practice_id=1277624&specialization=Neurologist&referrer=doctor_listing
193,/hyderabad/doctor/dr-manoj-vasi-reddy-neurologist?practice_id=1382035&specialization=Neurologist&referrer=doctor_listing
